vacancy_name,experience,lvl,views,applications,part_of_url,technologies
developer,0,junior,412,88,https://djinni.co/jobs/513085-trainee-python-developer/,"['postgresql', 'django', 'git', 'drf', 'bash']"
developer,0,junior,948,227,https://djinni.co/jobs/510468-junior-python-developer/,"['devops', 'jira', 'python', 'css', 'html', 'django', 'api', 'git', 'drf', 'javascript', 'docker']"
developer,0,junior,312,22,https://djinni.co/jobs/336441-python-developer-in-test-apps-/,"['aws', 'python', 'linux', 'git', 'pytest', 'selenium', 'macos', 'windows']"
developer,1,junior,63,18,https://djinni.co/jobs/505763-python-developer/,"['postgresql', 'api', 'linux', 'git', 'javascript', 'docker']"
developer,1,junior,133,16,https://djinni.co/jobs/513305-python-plotly-dash-developer/,"['sqlalchemy', 'sql']"
developer,1,junior,246,119,https://djinni.co/jobs/436121-python-developer-produktova-kompaniia-/,"['postgresql', 'python', 'rest', 'api', 'linux', 'mongodb', 'git']"
developer software,1,junior,515,55,https://djinni.co/jobs/511666-junior-software-developer/,['python']
developer,1,junior,246,47,https://djinni.co/jobs/86357-python-developer/,"['nosql', 'python', 'beautifulsoup', 'html', 'networking', 'api', 'selenium', 'pandas', 'flask', 'sql']"
developer,1,junior,738,236,https://djinni.co/jobs/511286-junior-python-developer/,"['redis', 'mongodb', 'python']"
fullstack,1,junior,254,50,https://djinni.co/jobs/305762-rozrobnik-python-full-stack/,"['json', 'sqlalchemy', 'laravel', 'postgresql', 'python', 'aws', 'rest', 'html', 'css', 'linux', 'git', 'api', 'pytest', 'macos', 'orm', 'js', 'sass', 'flask']"
developer,1,junior,237,63,https://djinni.co/jobs/169969-python-developer/,"['postgresql', 'aws', 'python', 'rest', 'elasticsearch', 'linux', 'graphql', 'redis', 'docker']"
developer,1,junior,304,103,https://djinni.co/jobs/510798-python-django-developer-js-at-the-basic-level/,"['postgresql', 'python', 'oop', 'rest', 'html', 'css', 'django', 'git', 'pytest', 'js', 'docker', 'ansible']"
integrator,1,junior,167,25,https://djinni.co/jobs/488741-integrator-support-specialist-3l-/,['api']
developer,1,junior,235,42,https://djinni.co/jobs/501633-junior-python-developer-commercial-experience/,"['python', 'django', 'linux', 'git', 'flask', 'sql']"
developer,1,junior,158,12,https://djinni.co/jobs/481908-python-developer-dlia-akademiyi-it-osviti/,['python']
developer,1,junior,543,78,https://djinni.co/jobs/358192-junior-python-developer/,"['nosql', 'python', 'ux', 'ai', 'javascript', 'sql']"
developer,1,junior,192,9,https://djinni.co/jobs/473986-junior-python-and-s-s-developer/,"['aws', 'python', 'api', 'linux', 'git', 'macos', 'windows']"
developer,1,junior,51,15,https://djinni.co/jobs/509091-middle-python-developer/,"['python', 'django', 'git', 'pytest', 'redis', 'javascript', 'flask']"
devops engineer,1,junior,232,51,https://djinni.co/jobs/505989-devops-engineer/,"['devops', 'python', 'networking', 'microservice', 'git', 'ai']"
developer,2,middle,16,1,https://djinni.co/jobs/481841-python-developer/,"['docker', 'aws', 'python', 'git']"
developer,2,middle,15,1,https://djinni.co/jobs/513643-middle-python-developer/,"['docker', 'aws', 'python', 'git']"
developer,2,middle,22,6,https://djinni.co/jobs/481342-middle-senior-python-developer/,"['redis', 'postgresql', 'python', 'fastapi']"
developer,2,middle,8,1,https://djinni.co/jobs/468336-middle-senior-qa-automation-python/,"['mongodb', 'docker', 'selenium', 'python']"
developer software tech,2,middle,12,0,https://djinni.co/jobs/513523-mid-level-software-developer-for-funded-finte/,['python']
engineer,2,middle,18,5,https://djinni.co/jobs/513517-qa-automation-engineer-python-only-ukraine-an/,"['windows', 'selenium', 'python']"
developer,2,middle,19,3,https://djinni.co/jobs/404016-senior-game-mathematician/,"['algorithms', 'python']"
developer,2,middle,3,2,https://djinni.co/jobs/513461-python-developer-middle-/,"['nosql', 'devops', 'aws', 'python', 'django', 'flask', 'sql']"
developer,2,middle,50,9,https://djinni.co/jobs/504163-middle-python-developer/,"['postgresql', 'python', 'rest', 'html', 'networking', 'css', 'django', 'js']"
engineer software,2,middle,19,2,https://djinni.co/jobs/513072-software-engineer-python-c-/,"['oop', 'python', 'networking', 'linux', 'docker']"
backend developer,2,middle,100,22,https://djinni.co/jobs/395492-middle-python-backend-developer/,"['nosql', 'python', 'linux', 'django', 'pandas', 'docker', 'flask', 'sql']"
developer,2,middle,73,21,https://djinni.co/jobs/512772-python-developer/,"['postgresql', 'python', 'rest', 'api', 'django', 'algorithms', 'redis']"
developer,2,middle,90,10,https://djinni.co/jobs/324711-python-django-developer/,"['devops', 'postgresql', 'python', 'rest', 'html', 'mongodb', 'css', 'django', 'elasticsearch', 'redis', 'js', 'flask']"
developer,2,middle,12,3,https://djinni.co/jobs/512696-middle-python-developer-poland-only-/,"['aws', 'oop', 'python', 'api', 'microsoft', 'django', 'numpy', 'pandas', 'flask']"
engineer,2,middle,28,2,https://djinni.co/jobs/469660-middle-data-engineer-python-sql-git-/,"['postgresql', 'python', 'api', 'git', 'sql']"
developer,2,middle,86,23,https://djinni.co/jobs/430729-senior-python-developer/,"['postgresql', 'jira', 'python', 'django', 'docker', 'bash']"
developer,2,middle,56,9,https://djinni.co/jobs/512363-python-developer/,"['postgresql', 'aws', 'python', 'ux', 'django', 'drf', 'flask', 'fastapi']"
developer,2,middle,63,13,https://djinni.co/jobs/487936-middle-senior-python-developer/,"['redis', 'postgresql', 'python', 'fastapi']"
engineer software,2,middle,42,8,https://djinni.co/jobs/491609-software-and-mlops-engineer-python-poland-/,"['devops', 'aws', 'oop', 'python', 'react', 'ai']"
developer,2,middle,86,16,https://djinni.co/jobs/435426-python-developer-dcos-/,"['api', 'sql', 'python', 'ai']"
developer,2,middle,96,19,https://djinni.co/jobs/474021-plotly-dash-developer/,"['nosql', 'postgresql', 'jira', 'python', 'ux', 'microsoft', 'react', 'git', 'ai', 'sql']"
engineer,2,middle,57,6,https://djinni.co/jobs/511889-computer-vision-engineer/,"['keras', 'python', 'api', 'linux', 'pytorch', 'tensorflow', 'algorithms', 'numpy', 'ai']"
developer,2,middle,269,73,https://djinni.co/jobs/416410-python-developer/,"['nosql', 'postgresql', 'python', 'oop', 'css', 'html', 'linux', 'django', 'api', 'redis', 'docker', 'sql']"
developer,2,middle,84,14,https://djinni.co/jobs/496348-middle-senior-python-django-developer/,"['devops', 'aws', 'python', 'css', 'html', 'mongodb', 'django', 'redis', 'javascript', 'docker']"
engineer team,2,middle,51,4,https://djinni.co/jobs/500726-middle-data-engineer-data-platform-team-/,"['postgresql', 'aws', 'python', 'jira', 'linux', 'git', 'hbase', 'nifi', 'docker', 'sql']"
engineer,2,middle,124,40,https://djinni.co/jobs/511546-python-engineer/,"['postgresql', 'jira', 'python', 'git', 'docker', 'flask', 'fastapi']"
developer,2,middle,208,55,https://djinni.co/jobs/511455-python-developer/,"['nosql', 'aws', 'python', 'sql']"
developer,2,middle,9,1,https://djinni.co/jobs/365969-python-developer-middle-/,"['nosql', 'devops', 'aws', 'python', 'django', 'flask', 'sql']"
developer,2,middle,102,15,https://djinni.co/jobs/503065-strong-python-developer/,"['devops', 'postgresql', 'aws', 'python', 'jira', 'elasticsearch', 'django', 'redis', 'docker']"
backend developer,2,middle,90,16,https://djinni.co/jobs/489358-middle-python-back-end-developer-v-avstraliis/,"['aws', 'rest', 'api', 'django', 'docker']"
developer,2,middle,114,38,https://djinni.co/jobs/500790-python-developer/,"['aws', 'rest', 'django', 'redis', 'drf', 'docker']"
backend engineer,2,middle,54,12,https://djinni.co/jobs/511302-middle-python-back-end-engineer-vchasno-/,"['postgresql', 'aws', 'python', 'css', 'elasticsearch', 'linux', 'mongodb', 'react', 'redis', 'windows', 'js', 'docker']"
developer,2,middle,42,8,https://djinni.co/jobs/502362-python-developer-senior/,"['json', 'python', 'api', 'elasticsearch', 'linux', 'git', 'pytest', 'redis', 'javascript', 'docker', 'flask']"
engineer,2,middle,42,3,https://djinni.co/jobs/511222-network-engineer/,['aws']
developer,2,middle,111,22,https://djinni.co/jobs/511189-python-developer/,"['devops', 'keras', 'python', 'pytorch', 'git', 'numpy', 'pandas', 'ai']"
developer fullstack,2,middle,92,24,https://djinni.co/jobs/496114-fullstack-python-developer/,"['nosql', 'devops', 'postgresql', 'aws', 'python', 'rest', 'microsoft', 'mongodb', 'django', 'react', 'pytest', 'redis', 'drf', 'flask', 'terraform', 'js', 'docker', 'ansible']"
developer,2,middle,107,44,https://djinni.co/jobs/510812-python-developer/,"['postgresql', 'aws', 'python', 'rest', 'asyncio', 'mongodb', 'django', 'git', 'pytorch', 'ai', 'fastapi', 'docker', 'flask', 'sql']"
developer,2,middle,245,44,https://djinni.co/jobs/484207-python-developer/,"['nosql', 'postgresql', 'python', 'rest', 'asyncio', 'linux', 'mongodb', 'django', 'api', 'elasticsearch', 'redis', 'drf', 'ansible', 'docker', 'bash', 'flask', 'sql']"
developer,2,middle,96,10,https://djinni.co/jobs/463004-middle-python-developer/,"['sqlalchemy', 'postgresql', 'aws', 'python', 'beautifulsoup', 'networking', 'linux', 'html', 'api', 'selenium', 'flask']"
developer,2,middle,167,31,https://djinni.co/jobs/436406-python-django-developer/,"['laravel', 'python', 'html', 'django', 'git', 'ai', 'js', 'docker']"
developer,2,middle,203,70,https://djinni.co/jobs/510152-middle-python-developer/,"['devops', 'postgresql', 'python', 'rest', 'api', 'mongodb', 'linux', 'django', 'git', 'redis', 'javascript', 'docker', 'flask', 'fastapi']"
engineer software,2,middle,50,4,https://djinni.co/jobs/509635-c-software-engineer/,"['algorithms', 'bash', 'python']"
engineer,2,middle,93,20,https://djinni.co/jobs/509543-qa-engineer-python-/,"['postgresql', 'jira', 'oop', 'python', 'api', 'linux', 'django', 'git', 'selenium', 'sql']"
developer,2,middle,85,12,https://djinni.co/jobs/509189-middle-python-developer/,"['postgresql', 'python', 'api', 'html', 'django', 'git', 'docker']"
engineer,2,middle,18,0,https://djinni.co/jobs/499392-senior-embedded-automation-engineer-python-34/,"['jira', 'bash', 'python']"
developer,2,middle,72,9,https://djinni.co/jobs/499127-django-developer-middle-/,"['laravel', 'postgresql', 'aws', 'ux', 'css', 'html', 'mongodb', 'django', 'elasticsearch', 'redis', 'javascript', 'docker', 'terraform']"
developer fullstack,2,middle,159,62,https://djinni.co/jobs/509044-python-full-stack-developer-for-a-metaverse-p/,"['devops', 'oop', 'python', 'django', 'react', 'git', 'ai', 'fastapi', 'javascript', 'js', 'sql']"
developer,2,middle,132,50,https://djinni.co/jobs/464106-python-developer/,"['aws', 'jira', 'python', 'rest', 'api', 'linux', 'django', 'git', 'docker']"
engineer software,2,middle,97,14,https://djinni.co/jobs/427952-python-software-engineer/,"['nosql', 'python', 'networking', 'api', 'algorithms', 'sql']"
engineer,2,middle,26,4,https://djinni.co/jobs/484144-qa-automation-engineer/,"['networking', 'linux', 'docker', 'python']"
developer,2,middle,99,23,https://djinni.co/jobs/508437-middle-python-developer/,"['sqlalchemy', 'postgresql', 'aws', 'python', 'rest', 'api', 'django', 'orm', 'docker', 'flask', 'sql']"
engineer software,2,middle,79,35,https://djinni.co/jobs/508388-python-software-engineer/,"['nosql', 'python', 'linux', 'docker', 'fastapi']"
developer,2,middle,96,9,https://djinni.co/jobs/508073-python-developer-middle/,"['json', 'python', 'api', 'elasticsearch', 'linux', 'git', 'pytest', 'redis', 'javascript', 'docker', 'flask']"
engineer,2,middle,17,1,https://djinni.co/jobs/507743-hadoop-engineer/,"['python', 'impala', 'hbase', 'oozie', 'nifi']"
developer,2,middle,110,31,https://djinni.co/jobs/507550-middle-python-developer/,"['oop', 'python', 'beautifulsoup', 'html', 'css', 'git', 'javascript', 'flask', 'sql']"
developer,2,middle,24,8,https://djinni.co/jobs/497757-python-developer-middle-tornado-aiohttp-/,"['postgresql', 'python', 'ux', 'linux', 'mongodb', 'macos', 'redis', 'js']"
developer fullstack,2,middle,83,14,https://djinni.co/jobs/507027-full-stack-developer-vue-js-python-/,"['jira', 'python', 'fullstack', 'django', 'docker']"
developer,2,middle,69,33,https://djinni.co/jobs/507022-python-developer-js-/,"['postgresql', 'python', 'oop', 'rest', 'html', 'css', 'django', 'git', 'pytest', 'js', 'docker', 'ansible']"
developer,2,middle,55,4,https://djinni.co/jobs/492290-python-for-global-product-audit-and-assurance/,"['nosql', 'sqlalchemy', 'postgresql', 'aws', 'python', 'ux', 'asyncio', 'linux', 'mongodb', 'git', 'pandas', 'flask', 'fastapi']"
engineer software,2,middle,79,9,https://djinni.co/jobs/506633-middle-python-software-engineer-shafa-/,"['nosql', 'postgresql', 'python', 'fullstack', 'css', 'api', 'mongodb', 'django', 'react', 'graphql', 'elasticsearch', 'redis', 'js', 'docker']"
developer,2,middle,115,36,https://djinni.co/jobs/454834-python-developer/,"['docker', 'aws', 'python', 'git']"
engineer,3,middle/senior,2,0,https://djinni.co/jobs/494977-video-engineer-python-s-/,"['pytorch', 'algorithms', 'python']"
developer fullstack,3,middle/senior,6,0,https://djinni.co/jobs/513501-middle-senior-full-stack-developer-vue-js-pyt/,"['jira', 'python', 'django', 'ai', 'docker']"
developer,3,middle/senior,10,2,https://djinni.co/jobs/513434-senior-python-developer/,"['postgresql', 'python', 'elasticsearch', 'django', 'react', 'redis']"
developer,3,middle/senior,40,3,https://djinni.co/jobs/513377-python-developer/,"['devops', 'aws', 'jira', 'python', 'rest', 'networking', 'linux', 'django', 'git', 'api', 'docker']"
developer,3,middle/senior,9,0,https://djinni.co/jobs/513236-php-developer/,"['postgresql', 'oop', 'mongodb', 'linux', 'redis', 'docker', 'sql']"
developer,3,middle/senior,31,2,https://djinni.co/jobs/513227-bi-rozrobnik-bi-developer-/,"['json', 'aws', 'python', 'sql']"
developer,3,middle/senior,10,1,https://djinni.co/jobs/126674-senior-python-developer/,"['sqlalchemy', 'postgresql', 'aws', 'python', 'api', 'docker']"
backend developer,3,middle/senior,5,2,https://djinni.co/jobs/513158-backend-python-developer/,"['jira', 'python', 'api', 'mongodb', 'pytest', 'flask']"
developer,3,middle/senior,60,16,https://djinni.co/jobs/402198-middle-senior-python-developer/,"['python', 'rest', 'css', 'django', 'react', 'javascript', 'flask']"
engineer ml,3,middle/senior,12,2,https://djinni.co/jobs/421155-starshii-ml-inzhener-senior-ml-engineer-mlops/,"['aws', 'python', 'linux', 'git', 'redis', 'docker']"
developer fullstack,3,middle/senior,51,16,https://djinni.co/jobs/513148-full-stack-python-django-developer/,"['devops', 'python', 'fullstack', 'rest', 'html', 'css', 'django', 'react', 'ux', 'orm', 'javascript']"
developer,3,middle/senior,29,2,https://djinni.co/jobs/513094-middle-python-developer/,"['postgresql', 'aws', 'python', 'jira', 'django', 'git', 'docker']"
engineer,3,middle/senior,11,0,https://djinni.co/jobs/513080-firmware-python-verification-engineer/,"['networking', 'linux', 'python']"
developer fullstack,3,middle/senior,12,4,https://djinni.co/jobs/513062-fullstack-developer-python-vue-/,"['django', 'docker', 'python']"
developer,3,middle/senior,19,0,https://djinni.co/jobs/513075-python-developer/,"['redis', 'terraform', 'javascript', 'python']"
developer,3,middle/senior,24,2,https://djinni.co/jobs/513060-python-developer/,"['postgresql', 'aws', 'python', 'jira', 'django', 'git', 'docker']"
developer,3,middle/senior,8,0,https://djinni.co/jobs/462392-senior-game-mathematician-python-/,"['algorithms', 'python']"
developer,3,middle/senior,5,0,https://djinni.co/jobs/196498-senior-python-developer/,"['nosql', 'aws', 'python', 'django', 'microservice', 'git', 'orm', 'javascript', 'flask', 'sql']"
developer,3,middle/senior,23,3,https://djinni.co/jobs/246801-python-developer/,"['docker', 'pytest', 'python', 'aws']"
developer,3,middle/senior,67,19,https://djinni.co/jobs/504551-python-reactjs-mysql-microservices/,"['microservice', 'python']"
developer,3,middle/senior,21,0,https://djinni.co/jobs/512706-strong-middle-python-developer/,"['devops', 'aws', 'python', 'rest', 'redis', 'javascript', 'terraform']"
developer,3,middle/senior,70,20,https://djinni.co/jobs/404528-python-developer/,"['aws', 'python', 'redis', 'javascript', 'terraform']"
engineer,3,middle/senior,99,48,https://djinni.co/jobs/512660-python-django-engineer/,"['devops', 'postgresql', 'python', 'rest', 'api', 'django', 'react', 'ai', 'sql']"
engineer software,3,middle/senior,28,5,https://djinni.co/jobs/512499-python-software-engineer/,"['devops', 'python', 'rest', 'api', 'django', 'fastapi']"
engineer,3,middle/senior,44,11,https://djinni.co/jobs/423193-python-engineer/,"['python', 'rest', 'api', 'linux', 'git', 'docker', 'bash']"
developer fullstack,3,middle/senior,25,12,https://djinni.co/jobs/512449-senior-fullstack-developer-vue-python-/,"['django', 'python']"
developer,3,middle/senior,22,3,https://djinni.co/jobs/512415-middle-senior-python-developer/,"['postgresql', 'python', 'rest', 'elasticsearch', 'django', 'git', 'redis', 'drf', 'js']"
engineer software,3,middle/senior,43,5,https://djinni.co/jobs/406398-software-engineer-python-/,"['python', 'elasticsearch', 'tensorflow', 'git', 'pandas', 'redis', 'docker']"
backend developer,3,middle/senior,78,12,https://djinni.co/jobs/469579-python-back-end-developer-product-/,"['aws', 'oop', 'python', 'api', 'redis', 'orm', 'docker']"
engineer,3,middle/senior,36,9,https://djinni.co/jobs/502350-deep-learning-engineer/,"['python', 'api', 'tensorflow', 'pytorch', 'algorithms', 'ai']"
developer,3,middle/senior,41,1,https://djinni.co/jobs/512274-senior-python-developer/,"['aws', 'python', 'api', 'redis', 'orm', 'flask', 'fastapi']"
developer,3,middle/senior,17,2,https://djinni.co/jobs/512048-senior-python-and-golang-developer/,"['json', 'postgresql', 'python', 'fullstack', 'rest', 'api', 'django', 'elasticsearch', 'redis']"
developer,3,middle/senior,24,1,https://djinni.co/jobs/158518-python-developer/,"['sqlalchemy', 'postgresql', 'aws', 'python', 'oop', 'rest', 'html', 'linux', 'css', 'django', 'git', 'javascript', 'docker', 'flask']"
developer,3,middle/senior,11,1,https://djinni.co/jobs/512145-senior-python-developer-for-our-product-edu-/,"['nosql', 'postgresql', 'aws', 'python', 'elasticsearch', 'linux', 'django', 'redis', 'drf', 'docker', 'fastapi']"
backend developer,3,middle/senior,35,4,https://djinni.co/jobs/504892-python-backend-developer/,"['aws', 'python', 'oop', 'api', 'redis', 'orm', 'docker']"
backend developer,3,middle/senior,60,7,https://djinni.co/jobs/512031-back-end-python-developer/,"['networking', 'python']"
engineer,3,middle/senior,19,1,https://djinni.co/jobs/511886-senior-computer-vision-engineer/,"['keras', 'python', 'linux', 'pytorch', 'tensorflow', 'algorithms', 'numpy', 'pandas', 'ai']"
developer,3,middle/senior,41,6,https://djinni.co/jobs/511873-middle-senior-python-developer-with-odoo-/,"['postgresql', 'python', 'fullstack', 'css', 'html', 'api', 'git', 'js', 'docker', 'bash', 'flask']"
engineer,3,middle/senior,38,2,https://djinni.co/jobs/511852-solution-engineer/,"['api', 'python', 'sql']"
backend developer,3,middle/senior,74,9,https://djinni.co/jobs/511806-python-backend-developer/,"['aws', 'python', 'oop', 'api', 'redis', 'orm', 'docker']"
engineer ml,3,middle/senior,31,3,https://djinni.co/jobs/503731-middle-python-ml-engineer/,"['elasticsearch', 'mongodb', 'sql']"
developer,3,middle/senior,34,4,https://djinni.co/jobs/450660-middle-python-developer-on-regular-basis-/,"['aws', 'oop', 'python', 'rest', 'api', 'mongodb', 'django', 'git', 'pytest', 'redis', 'javascript', 'docker', 'flask', 'sql']"
developer,3,middle/senior,52,8,https://djinni.co/jobs/435984-python-developer/,"['nosql', 'python', 'rest', 'api', 'git', 'docker', 'flask', 'fastapi']"
developer ml,3,middle/senior,175,59,https://djinni.co/jobs/511555-python-developer-opportunity-to-learn-ml-/,"['docker', 'postgresql', 'python', 'aws']"
backend developer,3,middle/senior,26,1,https://djinni.co/jobs/465086-middle-senior-python-back-end-developer/,"['rest', 'python', 'api']"
developer,3,middle/senior,34,6,https://djinni.co/jobs/363476-senior-python-developer/,"['flask', 'fastapi', 'python', 'sql']"
developer,3,middle/senior,41,11,https://djinni.co/jobs/407778-middle-python-developer/,"['aws', 'python', 'linux', 'fastapi', 'docker', 'flask', 'sql']"
engineer,3,middle/senior,134,62,https://djinni.co/jobs/511268-middle-python-engineer/,"['rest', 'python']"
developer developer,3,middle/senior,89,43,https://djinni.co/jobs/511207-python-developer-for-a-new-york-based-search-/,"['flask', 'postgresql', 'python']"
developer developer,3,middle/senior,60,21,https://djinni.co/jobs/437061-python-developer-for-a-new-york-based-search-/,"['elasticsearch', 'postgresql', 'flask', 'python']"
developer developer,3,middle/senior,5,1,https://djinni.co/jobs/511165-python-developer-for-a-new-york-based-search-/,"['elasticsearch', 'postgresql', 'flask', 'python']"
engineer,3,middle/senior,11,4,https://djinni.co/jobs/511121-python-engineer-to-the-saas-platform/,"['nosql', 'aws', 'python', 'rest', 'api', 'git', 'docker', 'sql']"
developer,3,middle/senior,38,5,https://djinni.co/jobs/408292-middle-senior-python-developer/,"['devops', 'python', 'api', 'ai', 'redis', 'docker']"
backend engineer,3,middle/senior,101,10,https://djinni.co/jobs/459496-back-end-engineer-python-/,"['nosql', 'aws', 'python', 'api', 'asyncio']"
developer,3,middle/senior,36,5,https://djinni.co/jobs/80025-middle-python-developer/,"['devops', 'postgresql', 'python', 'rest', 'api', 'mongodb', 'linux', 'django', 'git', 'redis', 'javascript', 'docker', 'flask', 'fastapi']"
developer lead,3,middle/senior,10,1,https://djinni.co/jobs/510839-senior-python-developer-only-for-candidates-w/,"['devops', 'python', 'linux', 'git', 'docker']"
engineer,3,middle/senior,57,22,https://djinni.co/jobs/510783-senior-python-engineer/,"['aws', 'python', 'api', 'redis', 'orm', 'flask', 'fastapi']"
developer,3,middle/senior,62,6,https://djinni.co/jobs/345281-python-developer-django-/,"['aws', 'python', 'api', 'django', 'react', 'docker']"
engineer,3,middle/senior,39,1,https://djinni.co/jobs/473745-python-django-engineer/,"['aws', 'jira', 'python', 'ux', 'rest', 'linux', 'django', 'docker']"
developer,3,middle/senior,15,3,https://djinni.co/jobs/510674-senior-python-developer/,"['aws', 'python', 'api', 'redis', 'orm', 'flask', 'fastapi']"
developer,3,middle/senior,21,6,https://djinni.co/jobs/501682-middle-python-developer/,"['postgresql', 'python', 'pytest', 'docker', 'fastapi']"
developer,3,middle/senior,3,0,https://djinni.co/jobs/510574-senior-cloud-developer/,"['nosql', 'aws', 'python', 'api', 'javascript']"
developer,3,middle/senior,63,6,https://djinni.co/jobs/477693-middle-senior-python-developer/,"['postgresql', 'python', 'rest', 'api', 'django', 'elasticsearch', 'git', 'algorithms', 'redis', 'drf', 'js']"
backend engineer,3,middle/senior,157,44,https://djinni.co/jobs/510393-python-backend-engineer/,"['python', 'ux', 'api', 'numpy', 'pandas', 'ai', 'docker', 'flask']"
engineer,3,middle/senior,76,0,https://djinni.co/jobs/473617-python-django-engineer/,"['aws', 'jira', 'python', 'ux', 'rest', 'django', 'docker']"
developer,3,middle/senior,101,9,https://djinni.co/jobs/510263-python-django-developer/,"['django', 'python']"
developer fullstack,3,middle/senior,35,3,https://djinni.co/jobs/510207-senior-middle-fullstack-django-react-develope/,"['django', 'react', 'python', 'fullstack']"
developer,3,middle/senior,160,42,https://djinni.co/jobs/510206-python-developer/,"['postgresql', 'python', 'rest', 'api', 'django']"
engineer software,3,middle/senior,84,4,https://djinni.co/jobs/510159-middle-software-engineer-python-/,"['aws', 'python', 'api', 'redis', 'orm', 'flask', 'fastapi']"
developer,3,middle/senior,78,12,https://djinni.co/jobs/489172-python-developer/,"['postgresql', 'python', 'api', 'git', 'sql']"
engineer software,3,middle/senior,40,1,https://djinni.co/jobs/458057-software-testing-verification-engineer-python/,"['python', 'networking', 'linux', 'docker', 'bash']"
developer lead team,3,middle/senior,32,3,https://djinni.co/jobs/510099-team-lead-python-developer/,"['sqlalchemy', 'postgresql', 'python', 'algorithms', 'pytest', 'ai', 'redis', 'javascript', 'fastapi', 'docker', 'sql']"
developer,3,middle/senior,113,6,https://djinni.co/jobs/509950-python-developer/,"['nosql', 'api', 'linux', 'microservice', 'ai', 'docker', 'sql']"
backend developer,3,middle/senior,59,3,https://djinni.co/jobs/509949-backend-developer-python-/,"['nosql', 'python', 'api', 'linux', 'microservice', 'ai', 'docker', 'sql']"
backend developer,3,middle/senior,71,2,https://djinni.co/jobs/509929-backend-developer-python-/,"['nosql', 'api', 'linux', 'microservice', 'ai', 'docker', 'sql']"
developer,3,middle/senior,21,0,https://djinni.co/jobs/509617-rpa-and-python-developer-for-ai-and-rpa-start/,"['ux', 'python', 'ai']"
developer,3,middle/senior,19,1,https://djinni.co/jobs/509829-phyton-developer/,"['python', 'css', 'html', 'api', 'react', 'javascript', 'sql']"
engineer fullstack software,3,middle/senior,10,0,https://djinni.co/jobs/509657-senior-full-stack-software-engineer-python-re/,"['django', 'react', 'aws', 'python']"
devops,3,middle/senior,1,0,https://djinni.co/jobs/509484-senior-devops/,"['devops', 'laravel', 'aws', 'python', 'networking', 'git', 'docker', 'bash', 'terraform']"
developer,3,middle/senior,76,23,https://djinni.co/jobs/509446-senior-python-developer/,"['postgresql', 'python', 'linux', 'redis', 'docker']"
devops engineer,3,middle/senior,19,2,https://djinni.co/jobs/475797-senior-python-engineer-with-devops/,"['devops', 'postgresql', 'aws', 'python', 'rest', 'django', 'react', 'flask', 'docker', 'terraform', 'fastapi']"
developer,3,middle/senior,44,6,https://djinni.co/jobs/509250-senior-python-developer/,"['flask', 'django', 'microservice', 'python']"
developer fullstack,3,middle/senior,28,4,https://djinni.co/jobs/499073-full-stack-developer-python-flask-postgres-js/,"['sqlalchemy', 'python', 'react', 'flask', 'sql']"
developer,3,middle/senior,60,5,https://djinni.co/jobs/509224-sdet-python-dlia-kompaniyi-iaka-zaimaiet-sia-/,"['nosql', 'postgresql', 'python', 'oop', 'api', 'linux', 'mongodb', 'git', 'redis', 'ansible', 'docker', 'bash', 'sql']"
developer,3,middle/senior,70,17,https://djinni.co/jobs/509143-python-developer-middle-/,"['postgresql', 'python', 'beautifulsoup', 'html', 'linux', 'css', 'django', 'git', 'selenium', 'api', 'windows', 'js', 'docker']"
developer,3,middle/senior,44,6,https://djinni.co/jobs/499547-senior-python-developer-with-aws-certificate/,"['redis', 'terraform', 'aws', 'python']"
backend developer,3,middle/senior,3,0,https://djinni.co/jobs/471109-python-django-backend-developer/,"['json', 'nosql', 'oop', 'python', 'rest', 'microsoft', 'linux', 'mongodb', 'django', 'ux', 'api', 'sql']"
developer,3,middle/senior,40,2,https://djinni.co/jobs/508767-senior-python-developer/,"['postgresql', 'python', 'rest', 'api', 'mongodb', 'django', 'redis', 'docker', 'flask']"
engineer,3,middle/senior,28,4,https://djinni.co/jobs/498456-senior-python-engineer-saas-foundation/,"['postgresql', 'aws', 'python', 'asyncio', 'django', 'microservice', 'pandas', 'docker', 'sql']"
developer,3,middle/senior,15,3,https://djinni.co/jobs/498460-python-developer-uk-product-company-/,"['devops', 'postgresql', 'aws', 'rest', 'elasticsearch', 'react', 'git', 'ai', 'redis', 'javascript', 'js', 'docker', 'terraform', 'sql']"
engineer,3,middle/senior,113,31,https://djinni.co/jobs/508492-python-engineer-savannah-group-uk/,"['devops', 'python', 'rest', 'api', 'django', 'flask']"
engineer software,3,middle/senior,40,8,https://djinni.co/jobs/497068-python-software-engineer/,"['devops', 'postgresql', 'aws', 'python', 'api', 'linux', 'django', 'windows', 'docker', 'flask']"
developer,3,middle/senior,38,12,https://djinni.co/jobs/450703-senior-python-developer/,"['postgresql', 'python', 'oop', 'asyncio', 'algorithms', 'redis', 'js', 'flask', 'fastapi']"
developer,3,middle/senior,162,47,https://djinni.co/jobs/184635-python-developer/,"['python', 'ux', 'django', 'linux', 'ai', 'javascript', 'sql']"
engineer software,3,middle/senior,13,3,https://djinni.co/jobs/437731-senior-software-python-engineer/,"['nosql', 'postgresql', 'aws', 'python', 'asyncio', 'mongodb', 'django', 'react', 'elasticsearch', 'selenium', 'pytest', 'redis', 'drf', 'ansible', 'docker', 'terraform']"
engineer ml,3,middle/senior,25,2,https://djinni.co/jobs/508298-python-ml-engineer/,"['elasticsearch', 'mongodb', 'sql']"
developer,3,middle/senior,50,5,https://djinni.co/jobs/508294-middle-python-developer/,"['sqlalchemy', 'postgresql', 'aws', 'python', 'api', 'docker']"
developer,3,middle/senior,54,5,https://djinni.co/jobs/431967-senior-python-dev/,"['postgresql', 'python', 'ux', 'django', 'git', 'ai', 'redis', 'docker']"
backend developer,3,middle/senior,33,8,https://djinni.co/jobs/476808-senior-backend-python-developer/,"['python', 'api', 'elasticsearch', 'mongodb', 'react', 'pandas', 'ai', 'javascript', 'docker', 'flask']"
developer,3,middle/senior,13,1,https://djinni.co/jobs/507923-python-developer/,"['django', 'docker', 'aws', 'python']"
developer,3,middle/senior,48,7,https://djinni.co/jobs/507938-python-developer/,"['django', 'python']"
developer fullstack,3,middle/senior,21,1,https://djinni.co/jobs/507879-senior-middle-fullstack-django-react-develope/,"['django', 'react', 'python', 'fullstack']"
developer,3,middle/senior,39,7,https://djinni.co/jobs/507769-python-developer/,"['python', 'microservice', 'javascript', 'flask', 'sql']"
developer,3,middle/senior,57,8,https://djinni.co/jobs/507725-python-django-developer/,"['devops', 'postgresql', 'python', 'ux', 'rest', 'mongodb', 'django', 'react', 'git', 'redis', 'orm']"
developer,3,middle/senior,78,26,https://djinni.co/jobs/408048-python-developer-for-a-product-company/,"['devops', 'ai', 'sql', 'postgresql', 'python', 'rest', 'mongodb', 'microservice', 'orm', 'sqlalchemy', 'aws', 'fullstack', 'asyncio', 'django', 'git', 'graphql', 'fastapi', 'nosql', 'api', 'flask']"
developer,3,middle/senior,24,6,https://djinni.co/jobs/507644-senior-angular-developer/,"['django', 'aws', 'python']"
engineer,3,middle/senior,10,2,https://djinni.co/jobs/507597-middle-senior-python-engineer/,"['devops', 'aws', 'python', 'redis', 'sql']"
developer,3,middle/senior,44,4,https://djinni.co/jobs/507569-python-developer/,"['python', 'microservice', 'javascript', 'flask', 'sql']"
backend developer,3,middle/senior,55,7,https://djinni.co/jobs/468465-senior-backend-developer-python-/,"['postgresql', 'aws', 'python', 'linux', 'algorithms', 'redis', 'docker', 'bash', 'sql']"
backend developer,3,middle/senior,90,9,https://djinni.co/jobs/497345-backend-developer-python-/,"['nosql', 'devops', 'aws', 'oop', 'python', 'networking', 'api', 'mongodb', 'django', 'git', 'sql']"
developer,3,middle/senior,11,0,https://djinni.co/jobs/356110-python-developer-senior-/,"['json', 'oop', 'python', 'mongodb', 'linux', 'django', 'orm', 'flask']"
developer,3,middle/senior,83,7,https://djinni.co/jobs/507408-python-developer/,"['postgresql', 'python', 'rest', 'api', 'django', 'algorithms', 'redis']"
developer,3,middle/senior,51,8,https://djinni.co/jobs/507198-python-developer-ist-/,"['postgresql', 'python', 'rest', 'api', 'django', 'elasticsearch', 'git', 'algorithms', 'redis', 'drf']"
developer,3,middle/senior,5,2,https://djinni.co/jobs/507237-senior-python-developer/,"['devops', 'python', 'linux', 'git', 'docker']"
developer,3,middle/senior,174,69,https://djinni.co/jobs/423437-middle-senior-python-developer/,"['elasticsearch', 'mongodb', 'postgresql', 'python']"
developer,3,middle/senior,49,11,https://djinni.co/jobs/496550-python-developer-directly-british-product-com/,"['devops', 'postgresql', 'aws', 'python', 'rest', 'elasticsearch', 'react', 'git', 'ai', 'redis', 'javascript', 'docker', 'terraform', 'sql']"
developer team,3,middle/senior,36,4,https://djinni.co/jobs/507147-odoo-senior-developer-for-extending-our-team/,[]
engineer fullstack,3,middle/senior,81,20,https://djinni.co/jobs/377433-python-full-stack-engineer-middle-senior/,"['oop', 'python', 'css', 'html', 'django', 'git', 'orm', 'js']"
developer,3,middle/senior,46,6,https://djinni.co/jobs/507073-midlle-middle-python-developer-1811-02/,"['rest', 'python', 'api']"
developer,3,middle/senior,32,6,https://djinni.co/jobs/507070-midlle-middle-python-developer-1811-01/,"['sqlalchemy', 'postgresql', 'aws', 'python', 'rest', 'pytest', 'pandas', 'docker']"
developer,3,middle/senior,61,11,https://djinni.co/jobs/507055-python-django-developer/,"['rest', 'django', 'json', 'python']"
developer,3,middle/senior,44,5,https://djinni.co/jobs/202531-python-developer/,"['django', 'linux', 'flask', 'python']"
developer,3,middle/senior,3,0,https://djinni.co/jobs/506850-senior-python-developer-with-aws-who-in-krako/,"['devops', 'aws', 'python', 'linux', 'bash', 'sql']"
developer,3,middle/senior,48,5,https://djinni.co/jobs/479481-middle-python-developer/,"['devops', 'jira', 'python', 'css', 'html', 'django', 'api', 'git', 'drf', 'javascript', 'docker']"
developer,3,middle/senior,39,6,https://djinni.co/jobs/506527-python-developer/,"['aws', 'python', 'siem', 'elasticsearch', 'django', 'react', 'pytest', 'docker', 'fastapi']"
developer,3,middle/senior,91,26,https://djinni.co/jobs/341993-senior-python-developer/,"['nosql', 'python', 'django', 'linux', 'docker', 'sql']"
developer,3,middle/senior,37,13,https://djinni.co/jobs/449852-senior-python-developer-relocation-to-cyprus-/,"['nosql', 'python', 'elasticsearch', 'linux', 'mongodb']"
engineer software,3,middle/senior,29,13,https://djinni.co/jobs/165945-python-software-engineer/,"['aws', 'python', 'css', 'html', 'mongodb', 'git', 'ai', 'js']"
developer,3,middle/senior,48,6,https://djinni.co/jobs/506090-python-with-django/,"['rest', 'django', 'json', 'python']"
engineer software,3,middle/senior,15,0,https://djinni.co/jobs/506057-python-and-dsp-algorithms-software-engineer/,"['algorithms', 'devops', 'git', 'python']"
developer,5,senior,13,1,https://djinni.co/jobs/495337-senior-python-serverless-developer-on-foodtec/,['aws']
developer,5,senior,1,0,https://djinni.co/jobs/513591-senior-python-developer/,"['redis', 'docker', 'aws', 'python']"
developer,5,senior,22,3,https://djinni.co/jobs/513486-senior-python-developer/,"['docker', 'python']"
developer,5,senior,1,0,https://djinni.co/jobs/513459-senior-python-developer/,"['devops', 'postgresql', 'aws', 'python', 'api', 'mongodb', 'django', 'git', 'flask', 'docker', 'terraform', 'fastapi']"
developer,5,senior,21,5,https://djinni.co/jobs/494502-senior-python-developer/,"['python', 'ux', 'django', 'ai', 'javascript', 'sql']"
backend developer,5,senior,10,1,https://djinni.co/jobs/513105-senior-python-back-end-developer/,"['nosql', 'postgresql', 'python', 'api', 'elasticsearch', 'tensorflow', 'pytorch', 'ai', 'sql']"
backend engineer,5,senior,13,1,https://djinni.co/jobs/290221-senior-python-backend-engineer/,"['aws', 'python', 'algorithms', 'ai', 'docker']"
developer lead,5,senior,8,0,https://djinni.co/jobs/513045-lead-python-developer-poland-ukraine-/,"['siem', 'edr', 'python']"
developer,5,senior,23,1,https://djinni.co/jobs/512929-str-middle-senior-python-developer-2037-03/,"['postgresql', 'python', 'sql']"
developer software,5,senior,19,4,https://djinni.co/jobs/512921-software-developer-python-lean-ai/,"['nosql', 'python', 'linux', 'git', 'ai', 'redis', 'docker', 'sql']"
developer,5,senior,10,2,https://djinni.co/jobs/512734-senior-python-developer-with-aws/,"['devops', 'aws', 'python', 'sql']"
backend lead team,5,senior,17,2,https://djinni.co/jobs/504063-backend-team-lead-python-germany-permanent-co/,"['python', 'rest', 'api', 'django', 'ai']"
developer software,5,senior,23,8,https://djinni.co/jobs/512563-senior-software-developer-for-lean-ai/,"['nosql', 'python', 'linux', 'git', 'redis', 'docker', 'sql']"
developer,5,senior,8,2,https://djinni.co/jobs/512419-python-developer-data-driven-/,"['aws', 'python', 'rest', 'api', 'linux', 'microservice', 'docker', 'sql']"
developer,5,senior,29,9,https://djinni.co/jobs/512403-str-middle-senior-python-architect-2037-03/,"['postgresql', 'python', 'sql']"
developer lead,5,senior,83,5,https://djinni.co/jobs/512383-senior-lead-python-developer/,"['siem', 'edr', 'python']"
backend lead,5,senior,19,1,https://djinni.co/jobs/499625-backend-lead-python-m-f-d-/,"['python', 'rest', 'api', 'django', 'ai']"
engineer,5,senior,27,9,https://djinni.co/jobs/512184-senior-python-engineer/,"['aws', 'python', 'fullstack', 'linux', 'docker', 'flask']"
lead team,5,senior,21,2,https://djinni.co/jobs/512164-team-lead-python-and-angular-/,"['devops', 'python', 'ux', 'mongodb', 'django', 'git', 'algorithms', 'ai', 'redis', 'docker']"
developer,5,senior,26,1,https://djinni.co/jobs/512092-senior-python-developer/,"['devops', 'python', 'oop', 'networking', 'fullstack', 'linux', 'asyncio', 'api', 'terraform', 'js', 'docker', 'ansible']"
engineer,5,senior,27,6,https://djinni.co/jobs/479193-sr-python-engineer/,"['postgresql', 'python', 'docker', 'ansible', 'terraform', 'sql']"
developer,5,senior,33,0,https://djinni.co/jobs/511943-senior-python-developer-dlia-kompaniyi-iaka-z/,"['linux', 'docker', 'python']"
developer,5,senior,14,0,https://djinni.co/jobs/420895-senior-python-developer/,"['devops', 'python', 'oop', 'networking', 'fullstack', 'linux', 'asyncio', 'api', 'terraform', 'js', 'docker', 'ansible']"
developer,5,senior,7,4,https://djinni.co/jobs/511876-senior-python-developer/,"['nosql', 'aws', 'python', 'api', 'mongodb', 'docker', 'bash']"
developer,5,senior,22,2,https://djinni.co/jobs/152567-senior-python-developer/,"['devops', 'postgresql', 'python', 'rest', 'api', 'mongodb', 'linux', 'git', 'redis', 'javascript', 'docker', 'flask', 'fastapi']"
developer,5,senior,27,0,https://djinni.co/jobs/511790-python-developer-with-aws/,"['devops', 'aws', 'python', 'sql']"
developer lead,5,senior,5,0,https://djinni.co/jobs/511720-senior-lead-python-developer-not-considering-/,"['linux', 'mongodb', 'python']"
engineer,5,senior,8,1,https://djinni.co/jobs/511699-senior-build-engineer/,"['linux', 'windows', 'python']"
developer,5,senior,6,1,https://djinni.co/jobs/369096-senior-python-developer/,"['devops', 'postgresql', 'aws', 'python', 'api', 'mongodb', 'django', 'git', 'flask', 'docker', 'terraform', 'fastapi']"
developer,5,senior,7,4,https://djinni.co/jobs/511246-senior-python-developer/,"['microsoft', 'redis', 'docker', 'sql', 'postgresql', 'python', 'oop', 'rest', 'microservice', 'pytest', 'orm', 'sqlalchemy', 'aws', 'django', 'git', 'nosql', 'api', 'algorithms', 'flask']"
developer,5,senior,40,4,https://djinni.co/jobs/511240-senior-python-developer/,"['algorithms', 'django', 'aws', 'python']"
lead tech,5,senior,9,4,https://djinni.co/jobs/511106-python-senior-tech-lead-bots-platform-/,"['nosql', 'python', 'linux', 'docker', 'fastapi']"
engineer lead,5,senior,8,2,https://djinni.co/jobs/511103-senior-lead-python-engineer-dwh-/,"['nosql', 'python', 'linux', 'docker', 'fastapi']"
lead tech,5,senior,10,1,https://djinni.co/jobs/511097-python-senior-tech-lead-tomahawk-/,"['nosql', 'postgresql', 'python', 'elasticsearch', 'linux', 'django', 'redis', 'docker', 'fastapi']"
developer,5,senior,41,2,https://djinni.co/jobs/480790-python-developer/,"['aws', 'python', 'ux', 'api', 'django', 'react', 'algorithms']"
engineer,5,senior,64,12,https://djinni.co/jobs/316705-python-engineer-sr/,"['django', 'linux', 'algorithms', 'python']"
engineer lead tech,5,senior,8,1,https://djinni.co/jobs/464284-senior-python-engineer-tech-lead/,"['aws', 'python', 'ux', 'rest', 'api', 'elasticsearch', 'redis']"
engineer,5,senior,17,0,https://djinni.co/jobs/510806-senior-python-data-engineer/,"['devops', 'python', 'rest', 'microsoft', 'api', 'react', 'git', 'flask', 'fastapi']"
developer fullstack,5,senior,26,2,https://djinni.co/jobs/506249-full-stack-django-developer/,"['postgresql', 'python', 'fullstack', 'rest', 'django', 'git', 'drf', 'sql']"
developer,5,senior,15,0,https://djinni.co/jobs/510678-senior-python-developer/,"['aws', 'postgresql', 'python', 'rest', 'api', 'javascript', 'flask', 'sql']"
developer,5,senior,18,1,https://djinni.co/jobs/501681-senior-python-developer/,"['postgresql', 'python', 'pytest', 'docker', 'fastapi']"
developer,5,senior,147,45,https://djinni.co/jobs/501986-middle-python-developer/,"['docker', 'postgresql', 'python', 'aws']"
backend lead tech,5,senior,7,0,https://djinni.co/jobs/415607-backend-tech-lead-python/,"['sqlalchemy', 'devops', 'postgresql', 'python', 'aws', 'graphql', 'algorithms', 'selenium']"
engineer lead,5,senior,43,4,https://djinni.co/jobs/510158-technical-lead-python-engineer/,"['aws', 'python', 'api', 'django', 'docker', 'terraform', 'sql']"
integrator team,5,senior,45,3,https://djinni.co/jobs/510112-short-term-contractor-scraper-of-a-tax-websit/,"['python', 'ux', 'rest', 'api', 'microservice', 'scraper', 'ai']"
developer,5,senior,17,0,https://djinni.co/jobs/510020-senior-python-developer-dlia-kompaniyi-iaka-z/,"['linux', 'docker', 'python']"
developer,5,senior,3,0,https://djinni.co/jobs/509806-senior-python-developer-sofia-/,"['devops', 'python', 'linux', 'git', 'docker']"
backend lead team,5,senior,15,1,https://djinni.co/jobs/486678-backend-team-lead-aachen-germany-/,"['python', 'rest', 'api', 'django', 'ai']"
engineer,5,senior,25,2,https://djinni.co/jobs/500200-application-engineer-property-technology-/,"['devops', 'aws', 'python', 'rest', 'api', 'react', 'ai', 'flask']"
engineer,5,senior,28,1,https://djinni.co/jobs/509714-data-engineer-elasticsearch-with-python-/,"['nosql', 'laravel', 'postgresql', 'python', 'oop', 'rest', 'microsoft', 'aws', 'jira', 'microservice', 'git', 'api', 'elasticsearch', 'orm', 'javascript', 'sql']"
engineer,5,senior,20,2,https://djinni.co/jobs/509702-senior-python-data-engineer/,"['devops', 'python', 'rest', 'microsoft', 'api', 'react', 'git', 'flask', 'fastapi']"
developer,5,senior,64,3,https://djinni.co/jobs/509691-python-developer/,"['python', 'microsoft', 'react', 'ai', 'ansible', 'docker', 'terraform']"
backend engineer lead team,5,senior,6,0,https://djinni.co/jobs/500169-team-lead-senior-python-backend-engineer/,"['docker', 'aws', 'python']"
backend engineer,5,senior,7,0,https://djinni.co/jobs/500170-senior-python-backend-engineer/,"['docker', 'aws', 'python']"
backend engineer,5,senior,58,9,https://djinni.co/jobs/500133-senior-python-backend-engineer/,"['aws', 'python', 'algorithms', 'ai', 'docker']"
backend engineer,5,senior,5,0,https://djinni.co/jobs/500172-senior-backend-engineer/,"['docker', 'aws', 'python']"
backend engineer lead team,5,senior,4,0,https://djinni.co/jobs/500173-team-lead-senior-backend-engineer/,"['docker', 'aws', 'python']"
lead tech,5,senior,22,2,https://djinni.co/jobs/469588-python-tech-lead/,"['nosql', 'sqlalchemy', 'postgresql', 'python', 'oop', 'rest', 'html', 'css', 'django', 'microservice', 'react', 'numpy', 'sass', 'flask', 'fastapi']"
backend developer,5,senior,27,3,https://djinni.co/jobs/509192-senior-python-back-end-developer/,"['nosql', 'postgresql', 'python', 'api', 'elasticsearch', 'tensorflow', 'pytorch', 'ai', 'sql']"
engineer,5,senior,19,3,https://djinni.co/jobs/508969-azure-data-bricks-and-python-java-engineer-po/,"['microsoft', 'devops', 'python', 'sql']"
engineer,5,senior,19,0,https://djinni.co/jobs/509021-senior-python-engineer/,"['devops', 'python', 'rest', 'microsoft', 'api', 'react', 'git', 'flask', 'fastapi']"
lead team,5,senior,31,5,https://djinni.co/jobs/498331-python-django-team-lead/,"['postgresql', 'python', 'fullstack', 'rest', 'django', 'react', 'docker', 'sql']"
backend developer,5,senior,51,7,https://djinni.co/jobs/508844-senior-backend-developer-python-/,"['aws', 'python', 'rest', 'mongodb', 'algorithms', 'ai', 'docker', 'fastapi']"
lead tech,5,senior,33,6,https://djinni.co/jobs/460991-python-tech-lead/,"['nosql', 'aws', 'python', 'networking', 'elasticsearch', 'django', 'pandas', 'redis', 'drf', 'docker', 'flask', 'sql']"
engineer lead,5,senior,8,0,https://djinni.co/jobs/508776-lead-python-engineer/,"['networking', 'tableau', 'python', 'sql']"
developer,5,senior,26,3,https://djinni.co/jobs/498787-senior-python-developer-document-as-an-app-/,"['aws', 'postgresql', 'python', 'asyncio', 'django', 'pandas', 'docker']"
developer,5,senior,10,1,https://djinni.co/jobs/487222-senior-python-developer/,"['api', 'aws', 'python', 'sql']"
lead software tech,5,senior,19,0,https://djinni.co/jobs/486602-tekhnichnii-kerivnik-python-tech-lead-enestec/,"['postgresql', 'python', 'rest', 'api', 'django']"
engineer,5,senior,25,7,https://djinni.co/jobs/508636-senior-python-engineer/,"['orm', 'aws', 'python', 'pandas']"
developer,5,senior,37,1,https://djinni.co/jobs/508584-expert-python-developer/,"['aws', 'python', 'rest', 'networking', 'linux', 'api', 'git', 'elasticsearch', 'docker', 'sql']"
engineer,5,senior,21,1,https://djinni.co/jobs/472529-qa-automation-engineer/,"['oop', 'python', 'networking', 'linux', 'git', 'bash']"
developer,5,senior,38,1,https://djinni.co/jobs/508501-senior-python-developer-dlia-kompaniyi-iaka-z/,"['linux', 'docker', 'python']"
developer team,5,senior,6,2,https://djinni.co/jobs/508486-senior-python-developer-for-ciklum-team/,"['nosql', 'sqlalchemy', 'postgresql', 'aws', 'oop', 'python', 'rest', 'api', 'django', 'microservice', 'algorithms', 'pytest', 'redis', 'orm', 'flask', 'sql']"
backend engineer,5,senior,63,22,https://djinni.co/jobs/508456-senior-backend-engineer-python-/,"['aws', 'python', 'ux', 'django', 'algorithms', 'flask']"
developer,5,senior,7,1,https://djinni.co/jobs/508319-senior-python-developer-europe-/,"['devops', 'aws', 'python', 'ai']"
data science engineer ml,5,senior,35,2,https://djinni.co/jobs/508275-senior-ml-nlp-engineer-with-data-science-skil/,"['python', 'api', 'django', 'algorithms', 'ai']"
engineer,5,senior,52,3,https://djinni.co/jobs/455810-machine-learning-engineer-python-/,"['javascript', 'react', 'aws', 'python']"
developer lead tech,5,senior,51,0,https://djinni.co/jobs/508187-senior-strong-tech-lead-python-developer-for-/,"['nosql', 'aws', 'postgresql', 'python', 'django', 'ai', 'docker']"
developer,5,senior,11,1,https://djinni.co/jobs/495650-senior-python-developer/,"['api', 'django', 'aws', 'python']"
developer,5,senior,30,3,https://djinni.co/jobs/507897-senior-python-developer/,[]
backend developer,5,senior,12,6,https://djinni.co/jobs/483430-python-back-end-developer/,"['devops', 'aws', 'python', 'rest', 'docker', 'terraform']"
developer fullstack,5,senior,8,0,https://djinni.co/jobs/507274-senior-full-stack-developer-python-react-js-/,"['aws', 'python', 'css', 'microsoft', 'html', 'javascript']"
engineer software,5,senior,13,0,https://djinni.co/jobs/459046-senior-software-engineer-python-/,"['css', 'html', 'js', 'sql']"
lead team,5,senior,32,5,https://djinni.co/jobs/498355-python-team-lead/,"['postgresql', 'python', 'fullstack', 'rest', 'django', 'react', 'docker', 'sql']"
developer,5,senior,5,1,https://djinni.co/jobs/507157-senior-python-developer-with-aws-krakow/,"['devops', 'aws', 'python', 'linux', 'bash', 'sql']"
developer,5,senior,15,2,https://djinni.co/jobs/507369-senior-fs-python-developer/,"['python', 'css', 'html', 'javascript', 'flask']"
lead tech,5,senior,49,7,https://djinni.co/jobs/507307-tech-lead-python-/,"['aws', 'python', 'mongodb', 'react', 'redis', 'js', 'docker']"
developer,5,senior,42,8,https://djinni.co/jobs/507304-senior-python-developer/,"['nosql', 'postgresql', 'python', 'api', 'elasticsearch', 'tensorflow', 'pytorch', 'ai', 'sql']"
engineer,5,senior,13,3,https://djinni.co/jobs/507205-python-data-engineer-s-/,"['elasticsearch', 'docker', 'postgresql', 'python']"
engineer software,5,senior,9,0,https://djinni.co/jobs/485986-senior-software-engineer-python-/,"['css', 'html', 'js', 'sql']"
developer fullstack,5,senior,14,2,https://djinni.co/jobs/506976-senior-fullstack-developer-python-vue-/,"['python', 'css', 'django', 'ai', 'docker']"
lead team,5,senior,19,3,https://djinni.co/jobs/494758-team-lead-python-/,"['sqlalchemy', 'aws', 'oop', 'python', 'api', 'django', 'orm', 'sql']"
developer,5,senior,16,3,https://djinni.co/jobs/506891-senior-cdp-developer/,"['python', 'impala', 'hbase', 'oozie', 'nifi']"
developer,5,senior,15,0,https://djinni.co/jobs/496171-senior-python-developer/,"['postgresql', 'aws', 'python', 'rest', 'api', 'pytest', 'javascript', 'flask', 'sql']"
developer,5,senior,0,0,https://djinni.co/jobs/506823-senior-python-developer-with-aws-/,"['devops', 'aws', 'python', 'linux', 'bash', 'sql']"
developer,5,senior,1,0,https://djinni.co/jobs/506821-senior-python-developer-with-aws-krakow-only/,"['devops', 'aws', 'python', 'linux', 'bash', 'sql']"
developer lead,5,senior,76,9,https://djinni.co/jobs/506739-senior-lead-python-developer-relocation-to-th/,"['devops', 'python', 'linux', 'django', 'algorithms', 'macos', 'docker', 'flask']"
developer,5,senior,27,1,https://djinni.co/jobs/432060-senior-python-developer/,"['devops', 'postgresql', 'aws', 'python', 'rest', 'react', 'js', 'sql']"
developer,5,senior,32,11,https://djinni.co/jobs/506631-senior-python/,"['redis', 'react', 'aws', 'python']"
developer fullstack,5,senior,45,14,https://djinni.co/jobs/506401-full-stack-python-vue-js-developer/,"['django', 'docker', 'python']"
backend developer,5,senior,23,5,https://djinni.co/jobs/506333-senior-backend-developer-python-/,"['devops', 'oop', 'python', 'ux', 'django', 'react', 'algorithms']"
developer,5,senior,3,0,https://djinni.co/jobs/506200-senior-python-developer-with-aws-krakow/,"['devops', 'aws', 'python', 'fullstack', 'linux', 'bash', 'sql']"
backend developer,5,senior,25,7,https://djinni.co/jobs/506149-senior-backend-python-developer/,"['docker', 'aws', 'python', 'ai']"
backend developer,5,senior,26,3,https://djinni.co/jobs/506114-backend-developer-golang-ruby-python-java-c-p/,"['aws', 'python']"
backend lead team,5,senior,29,1,https://djinni.co/jobs/505974-backend-team-lead/,"['python', 'rest', 'api', 'django', 'ai']"
